objtype;Navn;Antall geometrier;egenskapsId;navn;viktighet;høydereferanse;høydereferanse_tall
3;Skjerm;1;4712;Geometri, linje;PÅKREVD_IKKE_ABSOLUTT;Topp skjerm som for FKB - Skjerm. Krav om høyde.;1
5;Rekkverk;1;4714;Geometri, linje;PÅKREVD_IKKE_ABSOLUTT;Topp: Topp rekkverk som for FKB - Vegrekkverk. Topp skal benyttes om ikke annet er avtalt.  Fot: Terreng/Vegbane. Benyttes kun unntaksvis.;1
7;Gjerde;1;4716;Geometri, linje;PÅKREVD_IKKE_ABSOLUTT;Høydereferanse angis med egenskapen Href som for FKB Gjerde. Topp: Topp gjerde. Fot: Terreng/topp fundament.;1
9;Kantstein;1;4717;Geometri, linje;PÅKREVD_IKKE_ABSOLUTT;Topp: Topp kantstein. Fot: Vegbane/terreng.;2
10;Nedsenka kantstein;2;4718;Geometri, punkt;BETINGET;;0
10;Nedsenka kantstein;2;8915;Geometri, linje;BETINGET;Samme høydereferanse som Kantstein.;0
11;Utgår_Stolpe, generell;1;4719;Utgår_Geometri, punkt;HISTORISK;Samme som for FKB - StolpeEnkel (8501).;0
13;Port/Dør;1;4721;Geometri, punkt;PÅKREVD_IKKE_ABSOLUTT;Terreng.;0
14;Rekkverksende;1;4722;Geometri, punkt;PÅKREVD_IKKE_ABSOLUTT;Topp: Topp rekkverk der rekkverket avsluttes. Samme høyde som endepunkt i Rekkverk. Fot: Terreng/Vegbane.;1
15;Grasdekker;3;4723;Utgår_Geometri, linje;HISTORISK;Terreng.;0
15;Grasdekker;3;8911;Geometri, flate;PÅKREVD_IKKE_ABSOLUTT;Terreng.;0
15;Grasdekker;3;8937;Utgår_Geometri, punkt;HISTORISK;Terreng.;0
18;Plantekasse/urne;1;4726;Geometri, punkt;PÅKREVD_IKKE_ABSOLUTT;Fot.;0
19;Kunst/Utsmykking;1;4727;Geometri, punkt;PÅKREVD_IKKE_ABSOLUTT;Terrengnivå;0
20;Kantstolper/Refleks;1;4728;Geometri, linje;PÅKREVD_IKKE_ABSOLUTT;Terreng.;0
21;Brøytestikk;1;4729;Geometri, linje;PÅKREVD_IKKE_ABSOLUTT;Terreng.;0
22;Ferist;2;4730;Geometri, punkt;OPSJONELL;Vegbane.;0
22;Ferist;2;9425;Geometri, linje;BETINGET;Vegbane som for FKB - FeristAvgrensning.;0
23;Vegbom;2;4731;Geometri, punkt;OPSJONELL;Topp: Topp bom. Fot: Vegbane/terreng.;1
23;Vegbom;2;9426;Geometri, linje;BETINGET;Topp bom som for FKB - Vegbom;0
24;Skiltportal;2;4732;Geometri, punkt;OPSJONELL;Topp overligger.;0
24;Skiltportal;2;8916;Geometri, linje;BETINGET;Topp overligger som for FKB - Skiltportal.;0
25;Leskur;3;4733;Geometri, punkt;OPSJONELL;Gulvnivå;0
25;Leskur;3;9844;Geometri, flate;BETINGET;Topp: Takplanet som for FKB - Takkant. Fot: Fot fasadeliv. Leveres om  fasadeliv leveres som grunnriss.  Krav om høyde.;2
25;Leskur;3;9427;Utgår_Geometri, linje;HISTORISK;;0
26;Lekeapparat;1;4734;Geometri, punkt;PÅKREVD_IKKE_ABSOLUTT;Terreng.;0
27;Renovasjon;1;4735;Geometri, punkt;PÅKREVD_IKKE_ABSOLUTT;Terreng.;0
28;Utemøbler;1;4736;Geometri, punkt;PÅKREVD_IKKE_ABSOLUTT;Terreng.;0
29;Strøsandkasse;1;4737;Geometri, punkt;PÅKREVD_IKKE_ABSOLUTT;Terreng.;0
30;Veganlegg;1;4738;Geometri, flate;BETINGET;Terreng.;0
37;Vegkryss;1;4744;Geometri, punkt;PÅKREVD_IKKE_ABSOLUTT;Kjørebane/topp trafikkøy.;0
39;Rasteplass;2;8913;Utgår_Geometri, linje;HISTORISK;Terreng.;0
39;Rasteplass;2;5131;Geometri, flate;PÅKREVD_IKKE_ABSOLUTT;Terreng.;0
40;Snuplass;3;4747;Geometri, punkt;OPSJONELL;Terreng.;0
40;Snuplass;3;10890;Geometri, flate;BETINGET;Terreng.;0
40;Snuplass;3;9428;Utgår_Geometri, linje;HISTORISK;;0
41;Ferjeoppstillingsplass;3;4748;Geometri, punkt;BETINGET;Terreng.;0
41;Ferjeoppstillingsplass;3;9429;Utgår_Geometri, linje;HISTORISK;Høyde avledes fra vegnettsgeometri, dermed ikke krav om høyde.;0
41;Ferjeoppstillingsplass;3;10966;Geometri, flate;BETINGET;Terreng.;0
42;Kollektivknutepunkt;3;4749;Geometri, punkt;PÅKREVD_IKKE_ABSOLUTT;;0
42;Kollektivknutepunkt;3;9430;Utgår_Geometri, linje;HISTORISK;;0
42;Kollektivknutepunkt;3;12585;Geometri, flate;OPSJONELL;Terreng.;0
43;Parkeringsområde;3;4750;Geometri, punkt;OPSJONELL;Terreng.;0
43;Parkeringsområde;3;9431;Utgår_Geometri, linje;HISTORISK;;0
43;Parkeringsområde;3;10891;Geometri, flate;BETINGET;Terreng.;0
44;Kontroll-/veieplass;2;4751;Geometri, punkt;OPSJONELL;Terreng.;0
44;Kontroll-/veieplass;2;10963;Geometri, flate;BETINGET;Terreng.;0
45;Bomstasjon;1;4752;Geometri, punkt;PÅKREVD_IKKE_ABSOLUTT;Terreng.;0
46;Avkjørsel;1;4753;Geometri, punkt;PÅKREVD_IKKE_ABSOLUTT;Terreng.;0
47;Trafikklomme;3;4754;Geometri, punkt;OPSJONELL;Vegbane.;0
47;Trafikklomme;3;5897;Utgår_Geometri, linje;HISTORISK;Topp vegdekke.;0
47;Trafikklomme;3;5900;Geometri, flate;BETINGET;Topp vegdekke.;0
48;Fortau;1;4755;Geometri, linje;PÅKREVD_IKKE_ABSOLUTT;Topp: Topp fortauskant. Fot: Vegbane.;2
49;Trafikkøy;3;4756;Geometri, punkt;OPSJONELL;Terrengnivå.;0
49;Trafikkøy;3;8917;Utgår_Geometri, linje;HISTORISK;Bakkenivå/Topp kantstein.;0
49;Trafikkøy;3;10716;Geometri, flate;BETINGET;Topp: Topp kantstein. Fot: Vegbane/terreng.;1
57;Skjæring;2;4760;Geometri, linje;BETINGET;Topp: Overkant skjæring. Fot: Underkant skjæring;1
57;Skjæring;2;10959;Geometri, flate;BETINGET;Terreng.;0
59;Fiberduk;2;4762;Geometri, hjelpelinje;OPSJONELL;Høyde avledes fra vegnettsgeometri, dermed ikke krav om høyde;0
59;Fiberduk;2;8876;Geometri, flate;OPSJONELL;Fiberduk.;0
60;Bru;2;4763;Geometri, linje;BETINGET;Topp konstruksjon.;0
60;Bru;2;8906;Geometri, flate;BETINGET;Bru: Topp kant brukonstruksjon (ofte i samme nivå som vegbanen) som for FKB - Bruavgrensning.;0
62;Støttekonstruksjon;2;4765;Geometri, linje;BETINGET;Topp: Topp ytterkant som for FKB - MurLoddrett eller Topp mur som for FKB - MurFrittstående. Fot: Underkant støttekonstruksjon i terrenghøyde.;1
62;Støttekonstruksjon;2;10960;Geometri, flate;BETINGET;Topp, fot og kant av murens skråflate som for FKB - SkråForstøtningsmurAvgrensning.;0
64;Ferjekai;3;4766;Geometri, punkt;OPSJONELL;Terreng.;0
64;Ferjekai;3;9432;Utgår_Geometri, linje;HISTORISK;Terreng.;0
64;Ferjekai;3;10967;Geometri, flate;BETINGET;Terreng.;0
65;Bygning;3;4767;Geometri, punkt;OPSJONELL;Terrreng.;0
65;Bygning;3;9433;Utgår_Geometri, linje;HISTORISK;Samme som for FKB - Bygning (5010) ved Takkant.;0
65;Bygning;3;9340;Geometri, flate;BETINGET;Topp: Takplanet som for FKB - Takkant. Fot: Fot fasadeliv. Skal benyttes om grunnriss ved fasadeliv.  Krav om høyde.;0
66;Skredoverbygg;1;4768;Geometri, linje;OPSJONELL;Vegbane.;0
67;Tunnelløp;1;4769;Geometri, linje;BETINGET;Vegbane.;0
69;Tunnelportal;2;4771;Geometri, punkt;OPSJONELL;Topp kant.;0
69;Tunnelportal;2;9505;Geometri, linje;BETINGET;Topp kant tunnelportal som for FKB - Tunnelportal.;0
70;Vann- og frostsikring;1;4772;Geometri, linje;PÅKREVD_IKKE_ABSOLUTT;Vegbane.;0
71;Betongutstøping;1;4773;Geometri, linje;OPSJONELL;Vegbane.;0
72;Bergsikring;2;4774;Geometri, linje;BETINGET;Bergsikring i dagen:  Fot bergsikring. Bergsikring i tunnel: vegbane/bankett.;0
72;Bergsikring;2;8877;Geometri, flate;BETINGET;Terreng.;0
73;Sikringsbolt;3;4775;Geometri, punkt;BETINGET;Terreng,;0
73;Sikringsbolt;3;5898;Geometri, linje;BETINGET;Terreng.;0
73;Sikringsbolt;3;5901;Geometri, flate;BETINGET;Terreng.;0
77;Rørledning;1;4778;Geometri, linje;PÅKREVD_IKKE_ABSOLUTT;Topp rør.  Krav om høyde.;0
78;Lukket rørgrøft;1;4779;Geometri, linje;PÅKREVD_IKKE_ABSOLUTT;Terreng.;0
79;Stikkrenne/Kulvert;3;4780;Geometri, punkt;OPSJONELL;Bunn Stikkrenne/Kulvert.  Krav om høyde.;0
79;Stikkrenne/Kulvert;3;5899;Geometri, linje;BETINGET;Bunn Stikkrenne som for FKB - Stikkrenne.  Krav om høyde.;0
79;Stikkrenne/Kulvert;3;5902;Geometri, flate;OPSJONELL;Bunn gjennomløp som for FKB - Kulvert.  Krav om høyde.;0
80;Grøft, åpen;1;4781;Geometri, linje;PÅKREVD_IKKE_ABSOLUTT;Bunn grøft som for FKB - VeggrøftÅpen eller KanalGrøft (tørr).   Krav om høyde.;0
81;Elv/Bekk, gjenlagt;2;4782;Geometri, punkt;OPSJONELL;;0
81;Elv/Bekk, gjenlagt;2;8918;Geometri, linje;BETINGET;;0
82;Hydraveg;1;4783;Geometri, linje;PÅKREVD_IKKE_ABSOLUTT;Terreng.;0
83;Kum;1;4784;Geometri, punkt;PÅKREVD_IKKE_ABSOLUTT;Topp objekt som for FKB - Kumlokk.;0
85;Pumpe;1;4785;Geometri, punkt;PÅKREVD_IKKE_ABSOLUTT;Topp fundament/fot objekt.;0
86;Belysningsstrekning;1;4786;Geometri, linje;OPSJONELL;Terreng.;0
87;Belysningspunkt;1;4787;Geometri, punkt;PÅKREVD_IKKE_ABSOLUTT;For belysningspunkt med lysarmatur festet på lysmast: Terrengnivå. For belysningspunkt med kun lysarmatur: Senter lysarmatur.;0
88;Lysarmatur;1;4788;Geometri, punkt;PÅKREVD_IKKE_ABSOLUTT;For lysarmatur som er festet i lysmast benyttes samme geometri som for Lysmast. Lysarmatur som er festet på annen måte har samme geometri som Belysningspunkt.;4
89;Signalanlegg;2;4789;Geometri, punkt;BETINGET;Terrreng.;0
89;Signalanlegg;2;8919;Geometri, linje;OPSJONELL;Vegbane.;0
90;Signalpunkt;1;4790;Geometri, punkt;PÅKREVD_IKKE_ABSOLUTT;Topp: Topp trafikksignal som for FKB - Trafikksignalpunkt. Fot: Stolpefot/topp fundament.;1
91;Signalhode;1;4791;Geometri, punkt;PÅKREVD_IKKE_ABSOLUTT;Topp: Topp trafikksignal som for FKB - Trafikksignalpunkt. Fot: Stolpefot/topp fundament.;1
92;Kabel;1;4792;Geometri, linje;PÅKREVD_IKKE_ABSOLUTT;Topp trekkerør /kanal for kabler som ligger i slik. For kabler som ikke kan refereres til disse måles topp kabel.;0
95;Skiltpunkt;1;4794;Geometri, punkt;PÅKREVD_IKKE_ABSOLUTT;Topp skiltpunktfundament evt. overgang stolpe/terreng.;0
96;Skiltplate;1;4795;Geometri, punkt;PÅKREVD_IKKE_ABSOLUTT;Topp skiltpunktfundament evt. overgang stolpe/terreng.;0
97;Variabelt skilt;1;4796;Geometri, punkt;PÅKREVD_IKKE_ABSOLUTT;Topp skiltpunktfundament evt. overgang stolpe/terreng.;0
98;Referansestolpe;1;4797;Geometri, punkt;PÅKREVD_IKKE_ABSOLUTT;;0
99;Vegoppmerking, langsgående;1;4798;Geometri, linje;BETINGET;Vegbane som for FKB - VegoppmerkingLangsgående;0
100;Jernbanekryssing;1;4799;Geometri, punkt;OPSJONELL;Vegbane.;0
103;Fartsdemper;2;4801;Geometri, punkt;OPSJONELL;Vegbane.;0
103;Fartsdemper;2;12650;Geometri, flate;BETINGET;Vegbane.;0
105;Fartsgrense;1;11845;Geometri, hjelpelinje;OPSJONELL;;0
106;Vinterdriftsstrategi;1;4804;Geometri, hjelpelinje;OPSJONELL;Høyde avledes fra vegnettsgeometri, dermed ikke krav om høyde.;0
110;Service;1;4806;Geometri, punkt;PÅKREVD_IKKE_ABSOLUTT;Terreng.;0
113;Høydemåling;1;4809;Geometri, linje;OPSJONELL;Arvet geometri: Som for morobjekt. Hjelpelinje: Ikke krav til høyde.;0
123;Tilstand/skade, dekke;2;4814;Geometri, linje;OPSJONELL;;0
123;Tilstand/skade, dekke;2;12187;Geometri, flate;OPSJONELL;Vegdekke.;0
137;Fyllingsskråning;2;4817;Geometri, linje;OPSJONELL;Terreng.;0
137;Fyllingsskråning;2;10961;Geometri, flate;BETINGET;Terreng.;0
144;Plastring/Erosjonssikring;2;4820;Utgår_Geometri, linje;HISTORISK;;0
144;Plastring/Erosjonssikring;2;8878;Geometri, flate;PÅKREVD_IKKE_ABSOLUTT;Terreng.;0
145;Membran;2;4821;Geometri, hjelpelinje;OPSJONELL;Høyde avledes fra vegnettsgeometri, dermed ikke krav om høyde;0
145;Membran;2;8907;Geometri, flate;OPSJONELL;Topp membran.;0
147;Bergrom;3;4822;Geometri, punkt;OPSJONELL;Gulvnivå.;0
147;Bergrom;3;8934;Utgår_Geometri, linje;HISTORISK;;0
147;Bergrom;3;10964;Geometri, flate;BETINGET;Gulvnivå.;0
153;Værstasjon;1;4824;Geometri, punkt;PÅKREVD_IKKE_ABSOLUTT;Topp fundament;0
155;Vekt;1;4826;Geometri, punkt;PÅKREVD_IKKE_ABSOLUTT;Terreng.;0
162;ATK-punkt;1;4828;Geometri, punkt;PÅKREVD_IKKE_ABSOLUTT;Topp: Topp fotoboks. Fot: Topp fundament.;0
163;Kamera;1;4829;Geometri, punkt;PÅKREVD_IKKE_ABSOLUTT;Innfestingshøyde.;0
164;Måleutstyr, svevestøv;1;4830;Geometri, punkt;PÅKREVD_IKKE_ABSOLUTT;Fot.;0
165;Vindmåler;1;4831;Geometri, punkt;PÅKREVD_IKKE_ABSOLUTT;Topp fundament/innfestning.;0
166;Teledybdemåler;1;4832;Geometri, punkt;PÅKREVD_IKKE_ABSOLUTT;Senter objekt.;0
167;Sensor i vegbanen;2;4833;Geometri, punkt;PÅKREVD_IKKE_ABSOLUTT;Vegbane.;0
167;Sensor i vegbanen;2;12054;Geometri, linje;OPSJONELL;Vegbane.;0
172;Trafikkdeler;2;4834;Geometri, linje;OPSJONELL;Terrengnivå.;0
172;Trafikkdeler;2;8879;Geometri, flate;BETINGET;Terreng.;0
174;Gangfelt;3;4836;Geometri, punkt;OPSJONELL;Vegbane.;0
174;Gangfelt;3;9434;Geometri, linje;OPSJONELL;Vegbane.;0
174;Gangfelt;3;12089;Geometri, flate;BETINGET;Vegbane som for FKB - GangfeltAvgrensning.;0
180;Nødtelefon;1;4837;Geometri, punkt;PÅKREVD_IKKE_ABSOLUTT;Senter vegobjekt.;0
181;Lysmast;1;4838;Geometri, punkt;PÅKREVD_IKKE_ABSOLUTT;Topp mast som for FKB - Mast;1
183;Kabelbru/stige;1;4839;Geometri, linje;PÅKREVD_IKKE_ABSOLUTT;;0
199;Trær;3;5896;Geometri, punkt;BETINGET;Terrengnivå ved senter tre/trær.;0
199;Trær;3;4840;Geometri, linje;BETINGET;Terrengnivå.;0
199;Trær;3;5903;Geometri, flate;BETINGET;Terrengnivå.;0
203;Utgår_Kumskjerm;1;4844;Utgår_Geometri, punkt;HISTORISK;;0
207;Ventil;1;4847;Geometri, punkt;PÅKREVD_IKKE_ABSOLUTT;;0
208;Basseng/Magasin;3;4848;Geometri, punkt;OPSJONELL;Overløpshøyde.;0
208;Basseng/Magasin;3;8881;Geometri, flate;BETINGET;Overløpshøyde.;0
208;Basseng/Magasin;3;9435;Utgår_Geometri, linje;HISTORISK;;0
209;Hydrant;1;4849;Geometri, punkt;PÅKREVD_IKKE_ABSOLUTT;Topp objekt som for FKB - Kumlokk;1
210;Pumpestasjon;1;4850;Geometri, punkt;PÅKREVD_IKKE_ABSOLUTT;Terreng.;0
212;Ventilator;1;4852;Geometri, punkt;PÅKREVD_IKKE_ABSOLUTT;Innfestingshøyde.;0
213;Brannslokningsapparat;1;4853;Geometri, punkt;PÅKREVD_IKKE_ABSOLUTT;Topp.;0
214;Siktmåler;1;4854;Geometri, punkt;PÅKREVD_IKKE_ABSOLUTT;Terreng.;0
215;Gassmåler;1;4855;Geometri, punkt;PÅKREVD_IKKE_ABSOLUTT;Innfestingshøyde.;0
226;Bærelag;2;4860;Geometri, hjelpelinje;OPSJONELL;Høyde avledes fra vegnettsgeometri, dermed ikke krav om høyde.;0
226;Bærelag;2;8882;Geometri, flate;OPSJONELL;Topp bærelag.;0
227;Forsterkningslag;2;4861;Geometri, hjelpelinje;OPSJONELL;Høyde avledes fra vegnettsgeometri, dermed ikke krav om høyde;0
227;Forsterkningslag;2;8883;Geometri, flate;OPSJONELL;Topp forsterkningslag.;0
229;Frostsikringslag;2;4863;Geometri, hjelpelinje;OPSJONELL;Høyde avledes fra vegnettsgeometri, dermed ikke krav om høyde.;0
229;Frostsikringslag;2;8885;Geometri, flate;OPSJONELL;Topp frostsikringslag.;0
234;Voll;2;4864;Geometri, linje;BETINGET;Topp voll som for FKB - Voll. Krav om høyde for støyvoller.;0
234;Voll;2;8886;Geometri, flate;OPSJONELL;Terrengnivå fot.;0
241;Vegdekke;2;4867;Geometri, hjelpelinje;OPSJONELL;Høyde avledes fra vegnettsgeometri, dermed ikke krav om høyde.;0
241;Vegdekke;2;8887;Geometri, flate;OPSJONELL;Topp lag.;0
243;Toalettanlegg;1;4868;Geometri, punkt;PÅKREVD_IKKE_ABSOLUTT;Terreng.;0
269;Vegskulder/Vegkant;1;4876;Geometri, linje;OPSJONELL;Samme som for FKB - Vegdekkekant;0
270;Skråning;2;4877;Geometri, linje;OPSJONELL;Terreng.;0
270;Skråning;2;8890;Geometri, flate;BETINGET;Terrerng.;0
273;Dyresperre;1;4880;Geometri, punkt;PÅKREVD_IKKE_ABSOLUTT;Vegbane.;0
274;Blomsterbeplantning;2;4881;Geometri, linje;OPSJONELL;Terreng.;0
274;Blomsterbeplantning;2;8891;Geometri, flate;BETINGET;Terreng.;0
276;Tilstand/skade, skiltpunkt;1;4882;Geometri, punkt;OPSJONELL;;0
277;Tilstand/skade, belysning;1;4883;Geometri, punkt;OPSJONELL;;0
278;Ventilasjonsanlegg;1;8933;Geometri, linje;BETINGET;Vegbane.;0
284;Tilstand/skade, rekkverk;1;4886;Geometri, linje;OPSJONELL;;0
290;Telehiv;1;4889;Geometri, punkt;PÅKREVD_IKKE_ABSOLUTT;Kjørebane.;0
291;Viltfare;1;4890;Geometri, hjelpelinje;OPSJONELL;Høyde avledes fra vegnettsgeometri, dermed ikke krav om høyde.;0
293;Breddemåling;1;4892;Geometri, linje;OPSJONELL;Arvet geometri: Som for morobjekt. Hjelpelinje: Ikke krav til høyde.;0
294;Tilstand/skade, strekning;1;4893;Geometri, linje;OPSJONELL;;0
297;Kommentar;1;4894;Geometri, punkt;OPSJONELL;Som for morobjekt.;0
300;Naturområde;2;4897;Utgår_Geometri, linje;HISTORISK;Terreng.;0
300;Naturområde;2;10566;Geometri, flate;PÅKREVD_IKKE_ABSOLUTT;Terreng.;0
301;Kantklippareal;2;4898;Geometri, linje;BETINGET;Terreng.;0
301;Kantklippareal;2;9136;Geometri, flate;BETINGET;Terreng.;0
302;Tilstand/skade, grøft;1;4899;Geometri, linje;OPSJONELL;;0
303;Undergrunn;2;4900;Geometri, hjelpelinje;OPSJONELL;Høyde avledes fra vegnettsgeometri, dermed ikke krav om høyde.;0
303;Undergrunn;2;8908;Geometri, flate;OPSJONELL;Terreng.;0
318;Snø-/isrydding;1;4909;Geometri, linje;OPSJONELL;Terreng.;0
335;Avstandsmåling;1;4912;Geometri, linje;OPSJONELL;Arvet geometri: Som for morobjekt. Hjelpelinje: Ikke krav til høyde.;0
342;Trafikkspeil;1;4918;Geometri, punkt;PÅKREVD_IKKE_ABSOLUTT;Topp stolpefundament/innfesting oppsettingsutstyr.;0
343;Stedsnavn;1;4919;Geometri, punkt;OPSJONELL;Terreng.;0
438;Tilstand/skade, skiltplate;1;4956;Geometri, punkt;OPSJONELL;;0
445;Skred;3;8938;Geometri, punkt;OPSJONELL;Terreng.;0
445;Skred;3;4963;Geometri, linje;OPSJONELL;Terreng.;0
445;Skred;3;8912;Geometri, flate;OPSJONELL;;0
446;Dokumentasjon;1;4964;Geometri, punkt;OPSJONELL;Som for morobjekt.;0
447;Tunnelløp uten trafikk;1;8920;Geometri, linje;PÅKREVD_IKKE_ABSOLUTT;Vegdekke/gulv.;0
448;Tunnelsjakt;2;4966;Geometri, punkt;OPSJONELL;Høyde ved start sjakt.;0
448;Tunnelsjakt;2;8921;Geometri, linje;BETINGET;Bunn.;0
449;Luminansmåling;1;4967;Geometri, linje;PÅKREVD_IKKE_ABSOLUTT;Kjørebanehøyde;0
451;Sykkelparkering;3;4969;Geometri, punkt;OPSJONELL;Terreng.;0
451;Sykkelparkering;3;8922;Utgår_Geometri, linje;HISTORISK;;0
451;Sykkelparkering;3;10962;Geometri, flate;BETINGET;Terreng.;0
452;Undergang;1;4970;Geometri, linje;PÅKREVD_IKKE_ABSOLUTT;Terreng/kjørebane.;0
453;Utgår_Elektrostatisk rensesløyfe;2;4971;Geometri, punkt;OPSJONELL;Topp dekke.;0
453;Utgår_Elektrostatisk rensesløyfe;2;8924;Geometri, linje;PÅKREVD_IKKE_ABSOLUTT;Senter objekt.;0
456;Styreapparat;1;4974;Geometri, punkt;PÅKREVD_IKKE_ABSOLUTT;Topp skap som for FKB-Skap.;0
458;Bevegelsessensor;1;4975;Geometri, punkt;PÅKREVD_IKKE_ABSOLUTT;Underkant objekt.;0
459;Lysmåler;1;4976;Geometri, punkt;PÅKREVD_IKKE_ABSOLUTT;Fot.;0
460;Kondensmåler;1;4977;Geometri, punkt;PÅKREVD_IKKE_ABSOLUTT;Innfesting.;0
461;Elektrisk anlegg;1;4978;Geometri, punkt;PÅKREVD_IKKE_ABSOLUTT;Underkant skap/måler.;0
462;Høydemåler;1;4979;Geometri, punkt;PÅKREVD_IKKE_ABSOLUTT;Innfestingshøyde.;0
463;Temperaturmåler;1;4980;Geometri, punkt;PÅKREVD_IKKE_ABSOLUTT;Senter objekt.;0
464;Vannstandsmåler;1;4981;Geometri, punkt;PÅKREVD_IKKE_ABSOLUTT;Fot vegobjekt.;0
465;Utgår_Matepunkt;1;4982;Utgår_Geometri, punkt;HISTORISK;Underkant objekt.;0
466;Trafo;1;4983;Geometri, punkt;PÅKREVD_IKKE_ABSOLUTT;Senter objekt.;0
467;Nødstrømsaggregat;1;4984;Geometri, punkt;PÅKREVD_IKKE_ABSOLUTT;Fot.;0
468;UPS;1;4985;Geometri, punkt;PÅKREVD_IKKE_ABSOLUTT;Senter objekt.;0
470;Antenne;2;4987;Geometri, punkt;BETINGET;Topp fundament/innfesting.;0
470;Antenne;2;10579;Geometri, linje;BETINGET;;0
471;Mobiltelefonsamband;1;4988;Geometri, punkt;PÅKREVD_IKKE_ABSOLUTT;Fot.;0
472;Radioanlegg;1;4989;Geometri, punkt;PÅKREVD_IKKE_ABSOLUTT;Terreng.;0
473;Telefonsentral;1;4990;Geometri, punkt;PÅKREVD_IKKE_ABSOLUTT;Senter objekt.;0
474;Brannslokningsanlegg;1;10079;Geometri, linje;PÅKREVD_IKKE_ABSOLUTT;;0
475;Brannvarslingsanlegg;1;4992;Geometri, punkt;PÅKREVD_IKKE_ABSOLUTT;;0
478;Branndetektor;2;10078;Geometri, punkt;PÅKREVD_IKKE_ABSOLUTT;Innfestingspunkt.;0
478;Branndetektor;2;4994;Utgår_Geometri, linje;HISTORISK;;0
479;Utgår_Nødutgangsskilt;1;4995;Geometri, punkt;HISTORISK;;0
481;Tennpunkt;1;4996;Geometri, punkt;PÅKREVD_IKKE_ABSOLUTT;Topp skap som for FKB-Skap.;0
482;Trafikkregistreringsstasjon;1;4997;Geometri, punkt;PÅKREVD_IKKE_ABSOLUTT;Terrengnivå.;0
483;Radar;1;4998;Geometri, punkt;PÅKREVD_IKKE_ABSOLUTT;Innfestingshøyde.;0
485;Vegstengning;1;4999;Geometri, hjelpelinje;OPSJONELL;Høyde avledes fra vegnettsgeometri, dermed ikke krav om høyde.;0
487;Holdeplassutrustning;2;5001;Geometri, punkt;OPSJONELL;Topp plattformdekke i påstigningspunkt;0
487;Holdeplassutrustning;2;8926;Geometri, linje;PÅKREVD_IKKE_ABSOLUTT;Topp vegdekke.;0
498;Viltskremmere/varslere;1;5003;Geometri, linje;OPSJONELL;Vegbane.;0
500;Nødstasjon;1;5005;Geometri, punkt;PÅKREVD_IKKE_ABSOLUTT;Fot.;0
502;Skap, teknisk;1;5007;Geometri, punkt;PÅKREVD_IKKE_ABSOLUTT;Topp skap som for FKB - Skap.;0
503;Sideareal tunnel;1;5008;Geometri, linje;PÅKREVD_IKKE_ABSOLUTT;Topp: Topp kantstein. Fot: Vegbane/terreng.;1
504;Kryssingsmulighet/Åpning;2;5009;Geometri, punkt;OPSJONELL;Vegbane/terreng.;0
504;Kryssingsmulighet/Åpning;2;8927;Geometri, linje;BETINGET;Vegbane/terreng.;0
507;Tilstand/skade FU, strekning;1;5011;Geometri, linje;OPSJONELL;;0
508;Grøntanlegg;3;7588;Geometri, punkt;OPSJONELL;Terreng.;0
508;Grøntanlegg;3;5012;Utgår_Geometri, linje;HISTORISK;Terrengnivå;0
508;Grøntanlegg;3;7587;Geometri, flate;BETINGET;Terreng.;0
511;Busker;3;10726;Geometri, punkt;BETINGET;Terreng.;0
511;Busker;3;5013;Geometri, linje;OPSJONELL;Terreng.;0
511;Busker;3;8892;Geometri, flate;BETINGET;Terreng.;0
517;Artsrik vegkant;2;5018;Geometri, linje;OPSJONELL;Terreng.;0
517;Artsrik vegkant;2;8895;Geometri, flate;BETINGET;Terreng.;0
518;Siktsone;2;5019;Utgår_Geometri, linje;HISTORISK;Terreng.;0
518;Siktsone;2;8896;Geometri, flate;PÅKREVD_IKKE_ABSOLUTT;Terreng.;0
519;Vegoppmerking, tverrgående;2;5020;Geometri, punkt;BETINGET;Vegbane.;0
519;Vegoppmerking, tverrgående;2;9395;Geometri, linje;BETINGET;Vegbane.;0
527;Trafikanttilbud;1;5027;Geometri, punkt;OPSJONELL;Terrengnivå.;0
528;Tverrprofil;1;5028;Geometri, punkt;OPSJONELL;;0
529;Tilstand/skade, skulder/kant;1;5029;Geometri, linje;OPSJONELL;;0
534;Region;2;5158;Geometri, punkt;OPSJONELL;;0
534;Region;2;4708;Geometri, flate;OPSJONELL;;0
535;Fylke historisk;2;5156;Geometri, punkt;PÅKREVD_IKKE_ABSOLUTT;Ikke relevant.;0
535;Fylke historisk;2;4709;Geometri, flate;PÅKREVD_IKKE_ABSOLUTT;Ikke relevant.;0
536;Kommune historisk;2;5157;Geometri, punkt;PÅKREVD_IKKE_ABSOLUTT;Ikke relevant.;0
536;Kommune historisk;2;4710;Geometri, flate;PÅKREVD_IKKE_ABSOLUTT;Ikke relevant.;0
537;Vegavdeling;2;5155;Geometri, punkt;OPSJONELL;;0
537;Vegavdeling;2;4711;Geometri, flate;OPSJONELL;;0
538;Adresse;1;5037;Geometri, hjelpelinje;OPSJONELL;Høyde avledes fra vegnettsgeometri, dermed ikke krav om høyde;0
540;Trafikkmengde;1;5042;Geometri, hjelpelinje;OPSJONELL;Høyde avledes fra vegnettsgeometri, dermed ikke krav om høyde.;0
541;Vegstandard;1;5041;Geometri, hjelpelinje;OPSJONELL;Høyde avledes fra vegnettsgeometri, dermed ikke krav om høyde.;0
542;Støtpute;1;5040;Geometri, punkt;PÅKREVD_IKKE_ABSOLUTT;Topp: Topp støtpute. Fot: Terreng/Vegbane.;1
543;Rekkverksskjøt;1;5039;Geometri, punkt;PÅKREVD_IKKE_ABSOLUTT;Topp: Topp rekkverk der rekkverket skjøtes. Fot:Terreng/Vegbane.;1
562;Testobjekttype;1;8843;Geometri, punkt;OPSJONELL;;0
570;Trafikkulykke;1;5123;Geometri, punkt;OPSJONELL;;0
571;Ulykkesinvolvert enhet;1;10737;Geometri, punkt;OPSJONELL;;0
572;Ulykkesinvolvert person;1;8844;Geometri, punkt;OPSJONELL;;0
575;Utgår_Fysisk tiltak;1;6919;Utgår_Geometri, hjelpelinje;HISTORISK;Topp vegdekke.;0
576;Standardklasse;1;6920;Geometri, hjelpelinje;OPSJONELL;Høyde avledes fra vegnettsgeometri, dermed ikke krav om høyde.;0
577;Vegfunksjon;1;6921;Geometri, hjelpelinje;OPSJONELL;Høyde avledes fra vegnettsgeometri, dermed ikke krav om høyde.;0
579;Politidistrikt;2;5170;Geometri, punkt;OPSJONELL;Terreng.;0
579;Politidistrikt;2;5171;Geometri, flate;OPSJONELL;Terreng.;0
580;Kontraktsområde;2;5173;Geometri, punkt;OPSJONELL;Terreng.;0
580;Kontraktsområde;2;5172;Geometri, flate;OPSJONELL;;0
581;Tunnel;1;6891;Geometri, punkt;PÅKREVD_IKKE_ABSOLUTT;Vegdekke.;0
583;Vegbredde;1;6923;Geometri, hjelpelinje;OPSJONELL;;0
591;Høydebegrensning;1;6924;Geometri, linje;BETINGET;Vegbane.;0
592;Nedbøyningsmåling;1;6892;Geometri, punkt;OPSJONELL;Terrreng.;0
595;Motorveg;1;6908;Geometri, hjelpelinje;OPSJONELL;Høyde avledes fra vegnettsgeometri, dermed ikke krav om høyde;0
596;Forkjørsveg;1;6836;Geometri, hjelpelinje;OPSJONELL;Høyde avledes fra vegnettsgeometri, dermed ikke krav om høyde.;0
600;Utgår_Landskapsverdi;1;6912;Utgår_Geometri, hjelpelinje;HISTORISK;;0
601;Oppgravingsdata;1;6889;Geometri, punkt;OPSJONELL;Terreng.;0
602;Oppgravingslag;1;6890;Geometri, punkt;OPSJONELL;Terreng.;0
603;PMS-parsell;1;6913;Geometri, hjelpelinje;OPSJONELL;Høyde avledes fra vegnettsgeometri, dermed ikke krav om høyde;0
604;Vegnormalstrekning;1;6914;Geometri, hjelpelinje;OPSJONELL;Høyde avledes fra vegnettsgeometri, dermed ikke krav om høyde.;0
605;Værrelatert strekning;1;6915;Geometri, hjelpelinje;OPSJONELL;Høyde avledes fra vegnettsgeometri, dermed ikke krav om høyde.;0
607;Vegsperring;2;7930;Geometri, punkt;OPSJONELL;Topp hinder.;0
607;Vegsperring;2;6837;Geometri, linje;OPSJONELL;Topp hinder.;0
609;Armeringsnett;2;6906;Geometri, hjelpelinje;OPSJONELL;Høyde avledes fra vegnettsgeometri, dermed ikke krav om høyde.;0
609;Armeringsnett;2;8898;Geometri, flate;OPSJONELL;Topp armeringsnett.;0
610;Høydehinder;1;6887;Geometri, punkt;PÅKREVD_IKKE_ABSOLUTT;Underkant høydehinder.;0
611;Stedsinformasjon;1;6886;Geometri, punkt;OPSJONELL;Terreng.;0
613;Filterlag;2;6917;Geometri, hjelpelinje;OPSJONELL;Høyde avledes fra vegnettsgeometri, dermed ikke krav om høyde.;0
613;Filterlag;2;8899;Geometri, flate;OPSJONELL;Topp filterlag.;0
614;Vegdekke, fresing;2;6903;Geometri, hjelpelinje;OPSJONELL;Høyde avledes fra vegnettsgeometri, dermed ikke krav om høyde.;0
614;Vegdekke, fresing;2;8900;Geometri, flate;OPSJONELL;Kjørebane.;0
615;Utgår_Vegflate;2;6904;Utgår_Geometri, hjelpelinje;HISTORISK;;0
615;Utgår_Vegflate;2;8901;Geometri, flate;HISTORISK;;0
623;Stativ for turistinfo;1;6893;Geometri, punkt;PÅKREVD_IKKE_ABSOLUTT;Topp stativ.;0
624;Fartstavle;1;6885;Geometri, punkt;PÅKREVD_IKKE_ABSOLUTT;Topp tavle.;0
625;Skredmagasin/Fanggrøft;2;6872;Utgår_Geometri, linje;HISTORISK;Terreng.;0
625;Skredmagasin/Fanggrøft;2;8902;Geometri, flate;PÅKREVD_IKKE_ABSOLUTT;Terreng.;0
627;Referansepunkt;1;5761;Geometri, punkt;OPSJONELL;;0
628;Vegdekke, sporfylling;1;6900;Geometri, hjelpelinje;OPSJONELL;Høyde avledes fra vegnettsgeometri, dermed ikke krav om høyde.;0
629;Vegdekke, flatelapping;2;6901;Geometri, hjelpelinje;OPSJONELL;Høyde avledes fra vegnettsgeometri, dermed ikke krav om høyde.;0
629;Vegdekke, flatelapping;2;8903;Geometri, flate;OPSJONELL;Kjørebane.;0
631;Vegkommentar;3;5786;Geometri, punkt;OPSJONELL;;0
631;Vegkommentar;3;11519;Geometri, linje;OPSJONELL;Terreng/kjørebane.;0
631;Vegkommentar;3;11518;Geometri, flate;OPSJONELL;Terreng/Kjørebane.;0
638;Trafikkstasjon;1;5866;Geometri, punkt;PÅKREVD_IKKE_ABSOLUTT;Terrengnivå.;0
639;Kurvatur, horisontalelement;1;6898;Geometri, hjelpelinje;OPSJONELL;Høyde avledes fra vegnettsgeometri, dermed ikke krav om høyde;0
640;Kurvatur, vertikalelement;1;6899;Geometri, hjelpelinje;OPSJONELL;Høyde avledes fra vegnettsgeometri, dermed ikke krav om høyde;0
642;Kurvatur, vertikalpunkt;1;6884;Geometri, punkt;OPSJONELL;;0
705;Sykkelrute, nasjonal;1;6897;Geometri, linje;BETINGET;;0
708;Trafikkdata i tellepunkt;1;6883;Geometri, punkt;OPSJONELL;Terrengnivå.;0
751;Utgår_Holdeplass;3;7489;Geometri, punkt;HISTORISK;;0
751;Utgår_Holdeplass;3;8931;Geometri, linje;HISTORISK;;0
751;Utgår_Holdeplass;3;8910;Geometri, flate;HISTORISK;;0
752;Utgår_Stoppunkt;2;7496;Geometri, punkt;HISTORISK;;0
752;Utgår_Stoppunkt;2;8930;Geometri, linje;HISTORISK;;0
761;Tilstand/skade, punkt;1;7597;Geometri, punkt;OPSJONELL;;0
762;Tilstand/skade FU, punkt;1;7598;Geometri, punkt;OPSJONELL;;0
766;Oppslagstavle for rutetabell;1;8850;Geometri, punkt;PÅKREVD_IKKE_ABSOLUTT;Terrenghøyde;0
767;Utgår_Repos/venteareal;1;8867;Utgår_Geometri, linje;HISTORISK;Hentes som regel fra FKB - Fortauskant (7030). Kan også hentes fra andre relevante objekter.;0
771;Byggegrense;1;8870;Geometri, linje;OPSJONELL;Terreng.;0
776;Tunnelovervåkning;1;8851;Geometri, punkt;PÅKREVD_IKKE_ABSOLUTT;;0
777;Turistveg;1;8131;Geometri, hjelpelinje;OPSJONELL;Høyde avledes fra vegnettsgeometri, dermed ikke krav om høyde.;0
783;Fysisk inngrep i vannforekomst;2;8825;Geometri, punkt;OPSJONELL;Terreng.;0
783;Fysisk inngrep i vannforekomst;2;8824;Geometri, flate;BETINGET;Terreng.;0
784;Kjemisk påvirkning av vannforekomst;2;8827;Geometri, punkt;OPSJONELL;;0
784;Kjemisk påvirkning av vannforekomst;2;8826;Geometri, flate;OPSJONELL;Terreng.;0
786;Kulturminne, vegminne;3;8389;Geometri, punkt;BETINGET;;0
786;Kulturminne, vegminne;3;10582;Geometri, linje;BETINGET;;0
786;Kulturminne, vegminne;3;10583;Geometri, flate;BETINGET;;0
791;Avrettingslag;2;8874;Geometri, hjelpelinje;OPSJONELL;Høyde avledes fra vegnettsgeometri, dermed ikke krav om høyde.;0
791;Avrettingslag;2;13067;Geometri, flate;OPSJONELL;Topp avrettingslag.;0
799;Jordvoll mot bergskjæring;1;9299;Geometri, linje;PÅKREVD_IKKE_ABSOLUTT;Terreng.;0
800;Fremmede arter;3;9124;Geometri, punkt;OPSJONELL;Terreng.;0
800;Fremmede arter;3;9123;Geometri, linje;OPSJONELL;Terreng.;0
800;Fremmede arter;3;10965;Geometri, flate;BETINGET;Terreng.;0
801;Nødutgang;1;9294;Geometri, punkt;PÅKREVD_IKKE_ABSOLUTT;Terreng.;0
803;Inspeksjonsluke;1;9295;Geometri, punkt;PÅKREVD_IKKE_ABSOLUTT;Underkant luke.;0
808;Referansestrekning;1;11520;Geometri, linje;OPSJONELL;Terreng.;0
809;Døgnhvileplass;2;9283;Geometri, punkt;OPSJONELL;Terreng.;0
809;Døgnhvileplass;2;9284;Geometri, flate;BETINGET;Terreng.;0
810;Vinterdriftsklasse;1;9301;Geometri, hjelpelinje;OPSJONELL;Høyde avledes fra vegnettsgeometri, dermed ikke krav om høyde.;0
812;Gatevarme;2;9312;Utgår_Geometri, linje;HISTORISK;Terrengnivå;0
812;Gatevarme;2;10426;Geometri, flate;PÅKREVD_IKKE_ABSOLUTT;Vegbane/Terreng.;0
813;Gågate;1;9322;Geometri, hjelpelinje;OPSJONELL;Høyde avledes fra vegnettsgeometri, dermed ikke krav om høyde;0
815;Avkjørsel, holdningsklasse;1;9321;Geometri, hjelpelinje;OPSJONELL;Høyde avledes fra vegnettsgeometri, dermed ikke krav om høyde.;0
816;Taljer/Løfteutstyr;1;9324;Geometri, punkt;PÅKREVD_IKKE_ABSOLUTT;Senter objekt.;0
819;Fordeling;1;9328;Geometri, punkt;PÅKREVD_IKKE_ABSOLUTT;Underkant fordeling/skap.;0
821;Funksjonell vegklasse;1;11844;Geometri, hjelpelinje;OPSJONELL;Høyde avledes fra vegnettsgeometri, dermed ikke krav om høyde.;0
828;Rist;1;11203;Geometri, punkt;PÅKREVD_IKKE_ABSOLUTT;Topp rist.;0
829;Tilstand/skade, trær;1;11264;Geometri, punkt;OPSJONELL;Samme som morobjekt.;0
834;Tilstand/skade, bergskjæring;1;9542;Geometri, linje;OPSJONELL;;0
835;Gangadkomst;1;9462;Geometri, linje;PÅKREVD_IKKE_ABSOLUTT;Terreng/Vegbane.;0
836;Vegoppmerking, forsterket;1;10258;Geometri, linje;BETINGET;Samme som den vegoppmerkingen den forsterker.;0
837;Belegning;1;9514;Geometri, flate;PÅKREVD_IKKE_ABSOLUTT;Terreng.;0
838;Vegbredde, beregnet;1;12577;Geometri, hjelpelinje;OPSJONELL;Høyde avledes fra vegnettsgeometri, dermed ikke krav om høyde.;0
843;Kabelgrøft;1;9578;Geometri, linje;PÅKREVD_IKKE_ABSOLUTT;Bunn åpen grøft. Krav om høyde.;0
844;Nedføringsrenne;2;9593;Geometri, punkt;OPSJONELL;;0
844;Nedføringsrenne;2;9583;Geometri, linje;BETINGET;Bunn renne som for FKB - KanalGrøft (tørr).  Krav om høyde.;0
845;Fanggjerde;1;9604;Geometri, linje;PÅKREVD_IKKE_ABSOLUTT;Topp: Topp fanggjerde. Fot: Terreng/topp fundament.;2
846;Bremsekjegler, snøskred;2;9623;Utgår_Geometri, linje;HISTORISK;;0
846;Bremsekjegler, snøskred;2;9624;Geometri, flate;PÅKREVD_IKKE_ABSOLUTT;Terreng.;0
848;Snøskjerm;1;9641;Geometri, linje;PÅKREVD_IKKE_ABSOLUTT;Topp: Topp skjerm som for FKB - Skjerm. Fot: Terreng/topp fundament.;1
849;Skred, varsling/overvåkning;2;9652;Utgår_Geometri, linje;HISTORISK;;0
849;Skred, varsling/overvåkning;2;9651;Geometri, flate;PÅKREVD_IKKE_ABSOLUTT;Terreng.;0
850;Støtteforbygning, snø;2;9663;Geometri, linje;PÅKREVD_IKKE_ABSOLUTT;Topp vegobjekt.;0
850;Støtteforbygning, snø;2;9662;Utgår_Geometri, flate;HISTORISK;Terrengnivå.;0
851;Skredutløsningstiltak;1;9670;Geometri, flate;PÅKREVD_IKKE_ABSOLUTT;Terreng.;0
852;Trekkerør/kanal;1;9721;Geometri, linje;PÅKREVD_IKKE_ABSOLUTT;Topp rør/kanal. Krav om høyde.;0
853;Trekkekum;2;9843;Geometri, punkt;PÅKREVD_IKKE_ABSOLUTT;Topp: Topp kum som for FKB-Kumlokk. Fot: Bunn kum.  Krav om høyde.;1
853;Trekkekum;2;9736;Utgår_Geometri, linje;HISTORISK;;0
854;Tunnelport;1;9767;Geometri, punkt;PÅKREVD_IKKE_ABSOLUTT;Kjørebane/Gulv.;0
855;Gjerdeport;1;9776;Geometri, punkt;PÅKREVD_IKKE_ABSOLUTT;Topp: Topp gjerdeport. Fot: Terreng/topp fundament. Bør gjøres tilsvarende som for tilgrensende gjerde.;1
857;Brøyterode;2;11243;Geometri, flate;OPSJONELL;Vegbane.;0
857;Brøyterode;2;12144;Geometri, linje;OPSJONELL;Vegbane.;0
858;Strørode;2;11244;Geometri, flate;OPSJONELL;Vegbane.;0
858;Strørode;2;12142;Geometri, linje;OPSJONELL;Vegbane.;0
859;Taktile indikatorer;3;9814;Geometri, punkt;OPSJONELL;Kjørebane/Terrengnivå.;0
859;Taktile indikatorer;3;9813;Geometri, linje;OPSJONELL;Kjørebane/Terrengnivå.;0
859;Taktile indikatorer;3;10968;Geometri, flate;BETINGET;Terrengnivå.;0
860;Evakueringsbelysning;1;9898;Geometri, linje;PÅKREVD_IKKE_ABSOLUTT;Underkant lysarmatur.;0
861;Ledelysstrekning, optisk;1;9915;Geometri, linje;PÅKREVD_IKKE_ABSOLUTT;Topp lys;0
862;Reisetidsregistreringspunkt;1;9951;Geometri, punkt;PÅKREVD_IKKE_ABSOLUTT;Terrreng;0
872;Faunapassasje;2;10240;Geometri, punkt;OPSJONELL;Veghøyde i senter passasje.;0
872;Faunapassasje;2;10241;Geometri, flate;BETINGET;Terreng/topp dekke passasje.;0
875;Trapp;2;10433;Geometri, punkt;OPSJONELL;Terreng.;0
875;Trapp;2;10734;Geometri, flate;BETINGET;Topp trapp (skråplan) som for FKB - Trapp.;0
876;Overvannsrenne;1;10447;Geometri, linje;PÅKREVD_IKKE_ABSOLUTT;Bunn renne som for FKB - VeggrøftÅpen.;0
877;Tilstandsgrad, sidegrøft dyp;1;10515;Geometri, linje;OPSJONELL;Terrengnivå.;0
878;Tilstandsgrad, stikkrenne/kulvert;2;10532;Geometri, punkt;OPSJONELL;;0
878;Tilstandsgrad, stikkrenne/kulvert;2;10531;Geometri, linje;OPSJONELL;;0
879;Tilstandsgrad, kum;1;10547;Geometri, punkt;OPSJONELL;Samme som morobjekt.;0
881;Klimaanlegg;1;10570;Geometri, punkt;PÅKREVD_IKKE_ABSOLUTT;Underkant.;0
882;Vannhåndteringsanlegg;3;10668;Geometri, punkt;BETINGET;Terreng.;0
882;Vannhåndteringsanlegg;3;10785;Utgår_Geometri, linje;HISTORISK;Terreng.;0
882;Vannhåndteringsanlegg;3;10669;Geometri, flate;OPSJONELL;Terreng.;0
884;Feierode;2;11245;Geometri, flate;OPSJONELL;Vegbane.;0
884;Feierode;2;12143;Geometri, linje;OPSJONELL;Vegbane.;0
885;Sanntidsinformasjon, kollektivtrafikk;1;10692;Geometri, punkt;PÅKREVD_IKKE_ABSOLUTT;Terrenghøyde;0
895;VegROS;1;11011;Geometri, hjelpelinje;OPSJONELL;Høyde avledes fra vegnettsgeometri, dermed ikke krav om høyde.;0
897;Kalksementpeler;1;10789;Geometri, flate;PÅKREVD_IKKE_ABSOLUTT;Terreng.;0
899;Tilstandsgrad, skjerm;1;10830;Geometri, linje;OPSJONELL;Terrengnivå.;0
906;Elektrisk komponent (test);1;10937;Geometri, punkt;OPSJONELL;;0
910;Frittstående kamerastasjon;1;11186;Geometri, punkt;PÅKREVD_IKKE_ABSOLUTT;Topp fundament.;0
911;Nullutslippssone (test);1;11215;Geometri, flate;PÅKREVD_IKKE_ABSOLUTT;Terreng.;0
925;Stagforankring;1;11348;Geometri, flate;PÅKREVD_IKKE_ABSOLUTT;Terreng.;0
926;Peler/plate;1;11349;Geometri, flate;PÅKREVD_IKKE_ABSOLUTT;Terreng.;0
927;Saltstabilisering;1;11350;Geometri, flate;PÅKREVD_IKKE_ABSOLUTT;Terreng.;0
928;Vertikaldren;1;11351;Geometri, flate;PÅKREVD_IKKE_ABSOLUTT;Terreng.;0
929;Masseutskifting;1;11352;Geometri, flate;PÅKREVD_IKKE_ABSOLUTT;Terreng.;0
930;Fylling (Volum);1;11353;Geometri, flate;PÅKREVD_IKKE_ABSOLUTT;Terreng.;0
931;Plantekum;1;11412;Geometri, punkt;PÅKREVD_IKKE_ABSOLUTT;Terreng.;0
932;Skredteknisk objekt;1;11745;Geometri, punkt;PÅKREVD_IKKE_ABSOLUTT;Terreng.;0
934;Fastmerke;1;11454;Geometri, punkt;PÅKREVD_IKKE_ABSOLUTT;;0
936;Høyttalersystem;1;11494;Geometri, punkt;PÅKREVD_IKKE_ABSOLUTT;;0
937;Høyttaler;1;11488;Geometri, punkt;PÅKREVD_IKKE_ABSOLUTT;Underkant høyttaler.;0
938;Gravetillatelse;2;11517;Geometri, linje;BETINGET;terreng.;0
938;Gravetillatelse;2;12703;Geometri, flate;BETINGET;Terrengnivå.;0
939;Tank;1;11516;Geometri, punkt;PÅKREVD_IKKE_ABSOLUTT;Topp tank.  Krav om høyde.;0
943;Lavutslippssone GeoSUM (test);1;11750;Geometri, flate;PÅKREVD_IKKE_ABSOLUTT;Terreng.;0
944;Hastighetssone GeoSUM (test);1;11755;Geometri, flate;PÅKREVD_IKKE_ABSOLUTT;Terreng.;0
945;Fylke;2;11767;Geometri, punkt;PÅKREVD_IKKE_ABSOLUTT;Ikke relevant.;0
945;Fylke;2;11766;Geometri, flate;PÅKREVD_IKKE_ABSOLUTT;Ikke relevant.;0
946;Kommune;2;11772;Geometri, punkt;PÅKREVD_IKKE_ABSOLUTT;Ikke relevant.;0
946;Kommune;2;11771;Geometri, flate;PÅKREVD_IKKE_ABSOLUTT;Ikke relevant.;0
947;Tilstandsgrad, rekkverk;1;11793;Geometri, linje;OPSJONELL;Samme som morobjekt (Rekkverk).;0
950;Omkjøringsruteinnsats, punkt;1;11836;Geometri, punkt;PÅKREVD_IKKE_ABSOLUTT;Terreng.;0
953;Sykkelfelt;2;11941;Geometri, linje;BETINGET;Kjørebane.;0
953;Sykkelfelt;2;11948;Geometri, flate;OPSJONELL;Kjørebane.;0
955;Kulturminne, bygning;3;12022;Geometri, punkt;BETINGET;;0
955;Kulturminne, bygning;3;12024;Geometri, linje;BETINGET;;0
955;Kulturminne, bygning;3;12026;Geometri, flate;BETINGET;;0
956;Kulturminne, øvrig;3;12023;Geometri, punkt;BETINGET;;0
956;Kulturminne, øvrig;3;12025;Geometri, linje;BETINGET;;0
956;Kulturminne, øvrig;3;12027;Geometri, flate;BETINGET;;0
958;Ladetårn;1;12078;Geometri, punkt;PÅKREVD_IKKE_ABSOLUTT;;0
962;Geoflow sone;1;12141;Geometri, flate;PÅKREVD_IKKE_ABSOLUTT;Terreng.;0
964;Brenselcelle;1;12180;Geometri, Punkt;PÅKREVD_IKKE_ABSOLUTT;Innfestingshøyde.;0
965;Ladestasjon, intern bruk;1;12204;Geometri, punkt;PÅKREVD_IKKE_ABSOLUTT;Topp fundamnet/Underkant lader.;0
968;Område, generelt;1;12239;Geometri, flate;PÅKREVD_IKKE_ABSOLUTT;Terreng.;0
973;Solcelleanlegg;1;12588;Geometri, punkt;PÅKREVD_IKKE_ABSOLUTT;Terrengnivå.;0
974;Ferjelem;1;12553;Geometri, punkt;PÅKREVD_IKKE_ABSOLUTT;Terreng.;0
980;Informasjonstavle sykkel;1;12665;Geometri, punkt;PÅKREVD_IKKE_ABSOLUTT;Terreng/topp fundament;0
987;Utstyrsmast (test);1;12739;Geometri, punkt;PÅKREVD_IKKE_ABSOLUTT;Terreng.;0
988;Brufuge;1;12740;Geometri, linje;PÅKREVD_IKKE_ABSOLUTT;Vegbane.;0
989;Brannbeskyttelse;1;12741;Geometri, hjelpelinje;OPSJONELL;Høyde avledes fra vegnettsgeometri, dermed ikke krav om høyde.;0
990;Radioforsterker (test);1;12742;Geometri, punkt;PÅKREVD_IKKE_ABSOLUTT;Terreng.;0
991;Radiosentral (test);1;12743;Geometri, punkt;PÅKREVD_IKKE_ABSOLUTT;Terreng.;0
992;Strålekabel (test);1;12744;Geometri, linje;OPSJONELL;Terreng.;0
993;Nødnett (test);1;12745;Geometri, punkt;PÅKREVD_IKKE_ABSOLUTT;Terreng.;0
994;Nødstyreskap;1;12746;Geometri, punkt;PÅKREVD_IKKE_ABSOLUTT;Terreng.;0
996;Flaggstang;1;12748;Geometri, punkt;PÅKREVD_IKKE_ABSOLUTT;Terreng.;0
997;Trafikkregistreringspunkt;1;12957;Geometri, punkt;PÅKREVD_IKKE_ABSOLUTT;Vegbane.;0
1002;Kulturminne, kulturmiljø;3;13055;Geometri, punkt;BETINGET;;0
1002;Kulturminne, kulturmiljø;3;13054;Geometri, linje;BETINGET;;0
1002;Kulturminne, kulturmiljø;3;13053;Geometri, flate;BETINGET;;0
